{"stats":{"minecraft:picked_up":{"minecraft:firework_rocket":64,"minecraft:elytra":1},"minecraft:dropped":{"minecraft:conduit":1},"minecraft:used":{"minecraft:water_bucket":100,"minecraft:firework_rocket":12,"minecraft:dark_oak_log":5,"minecraft:birch_log":1,"minecraft:wither_rose":8,"minecraft:dark_oak_leaves":76},"minecraft:custom":{"minecraft:time_since_rest":41075,"minecraft:play_one_minute":41075,"minecraft:crouch_one_cm":1199,"minecraft:sprint_one_cm":14704,"minecraft:walk_one_cm":40310,"minecraft:sneak_time":696,"minecraft:walk_under_water_one_cm":132,"minecraft:drop":1,"minecraft:aviate_one_cm":301832,"minecraft:jump":212,"minecraft:leave_game":1,"minecraft:time_since_death":41075,"minecraft:walk_on_water_one_cm":1193,"minecraft:climb_one_cm":37,"minecraft:fall_one_cm":836,"minecraft:fly_one_cm":287914}},"DataVersion":2586}