{"stats":{"minecraft:custom":{"minecraft:jump":198,"minecraft:time_since_rest":5431,"minecraft:damage_dealt":150,"minecraft:play_one_minute":5431,"minecraft:crouch_one_cm":74,"minecraft:damage_taken":89,"minecraft:leave_game":5,"minecraft:sprint_one_cm":12109,"minecraft:time_since_death":5431,"minecraft:walk_on_water_one_cm":144,"minecraft:walk_one_cm":6926,"minecraft:sneak_time":15,"minecraft:walk_under_water_one_cm":25,"minecraft:swim_one_cm":547,"minecraft:fall_one_cm":5968,"minecraft:fly_one_cm":48428},"minecraft:mined":{"minecraft:grass":2}},"DataVersion":2586}