{"stats":{"minecraft:picked_up":{"minecraft:conduit":1,"minecraft:glass_bottle":1},"minecraft:dropped":{"minecraft:glass_bottle":20,"minecraft:elytra":1,"minecraft:firework_rocket":64},"minecraft:custom":{"minecraft:time_since_rest":117548,"minecraft:crouch_one_cm":6346,"minecraft:play_one_minute":117548,"minecraft:sprint_one_cm":139624,"minecraft:damage_taken":235,"minecraft:walk_one_cm":89498,"minecraft:sneak_time":3490,"minecraft:walk_under_water_one_cm":621,"minecraft:drop":22,"minecraft:aviate_one_cm":582310,"minecraft:jump":357,"minecraft:damage_dealt":36,"minecraft:leave_game":11,"minecraft:walk_on_water_one_cm":13140,"minecraft:time_since_death":117548,"minecraft:climb_one_cm":648,"minecraft:swim_one_cm":2414,"minecraft:fall_one_cm":5439,"minecraft:fly_one_cm":834378},"minecraft:used":{"minecraft:oak_log":3,"minecraft:bedrock":1,"minecraft:water_bucket":3,"minecraft:black_wool":79,"minecraft:firework_rocket":8,"minecraft:dirt":1,"minecraft:potion":2,"minecraft:villager_spawn_egg":3,"minecraft:flint_and_steel":23,"minecraft:dead_fire_coral":83,"minecraft:birch_wood":15,"minecraft:grass_block":48,"minecraft:smooth_stone_slab":2,"minecraft:pufferfish_spawn_egg":2,"minecraft:brown_wool":26,"minecraft:oak_sign":1,"minecraft:lime_concrete_powder":4,"minecraft:wither_rose":25,"minecraft:lingering_potion":150,"minecraft:tropical_fish_spawn_egg":5,"minecraft:gray_wool":4,"minecraft:splash_potion":55,"minecraft:milk_bucket":1,"minecraft:cobweb":1}},"DataVersion":2586}