{"stats":{"minecraft:picked_up":{"minecraft:stripped_oak_log":64,"minecraft:birch_log":5,"minecraft:yellow_wool":64,"minecraft:brown_wool":128,"minecraft:conduit":1,"minecraft:lapis_block":9,"minecraft:glass_bottle":411,"minecraft:birch_sapling":72,"minecraft:blue_wool":64,"minecraft:stone":21,"minecraft:green_wool":64},"minecraft:custom":{"minecraft:play_one_minute":180487,"minecraft:leave_game":18,"minecraft:time_since_death":11212,"minecraft:climb_one_cm":648,"minecraft:time_since_rest":11321,"minecraft:sprint_one_cm":225911,"minecraft:damage_taken":255,"minecraft:walk_one_cm":134249,"minecraft:drop":525,"minecraft:damage_dealt":46,"minecraft:swim_one_cm":8055,"minecraft:fly_one_cm":2134306,"minecraft:crouch_one_cm":11556,"minecraft:deaths":2,"minecraft:sneak_time":7894,"minecraft:walk_under_water_one_cm":24551,"minecraft:aviate_one_cm":582310,"minecraft:jump":532,"minecraft:walk_on_water_one_cm":15160,"minecraft:fall_one_cm":5439},"minecraft:dropped":{"minecraft:crimson_stem":128,"minecraft:warped_stem":192,"minecraft:anvil":64,"minecraft:birch_planks":256,"minecraft:warped_nylium":64,"minecraft:smooth_stone_slab":1,"minecraft:glass_bottle":777,"minecraft:dark_oak_sapling":64,"minecraft:birch_sapling":140,"minecraft:yellow_wool":128,"minecraft:blue_wool":128,"minecraft:stripped_oak_log":128,"minecraft:damaged_anvil":128,"minecraft:elytra":1,"minecraft:stone":85,"minecraft:dark_oak_log":128,"minecraft:nether_gold_ore":128,"minecraft:jungle_log":192,"minecraft:brown_wool":193,"minecraft:dried_kelp":1,"minecraft:stripped_warped_stem":64,"minecraft:sand":64,"minecraft:podzol":64,"minecraft:stripped_spruce_wood":64,"minecraft:magma_block":64,"minecraft:birch_log":133,"minecraft:polished_granite":64,"minecraft:lapis_block":73,"minecraft:green_wool":128,"minecraft:firework_rocket":64},"minecraft:used":{"minecraft:water_bucket":3,"minecraft:cow_spawn_egg":13,"minecraft:flint_and_steel":104,"minecraft:pufferfish_spawn_egg":2,"minecraft:birch_wood":15,"minecraft:oak_sign":1,"minecraft:lime_concrete_powder":4,"minecraft:donkey_spawn_egg":4,"minecraft:sheep_spawn_egg":9,"minecraft:bee_spawn_egg":15,"minecraft:dirt":1,"minecraft:rabbit_spawn_egg":10,"minecraft:jungle_planks":4,"minecraft:dead_tube_coral":4,"minecraft:lingering_potion":150,"minecraft:milk_bucket":1,"minecraft:oak_log":3,"minecraft:black_wool":104,"minecraft:firework_rocket":8,"minecraft:villager_spawn_egg":3,"minecraft:dead_fire_coral":83,"minecraft:grass_block":48,"minecraft:brown_wool":26,"minecraft:pig_spawn_egg":5,"minecraft:tropical_fish_spawn_egg":5,"minecraft:bedrock":1,"minecraft:dead_horn_coral":44,"minecraft:dolphin_spawn_egg":4,"minecraft:magma_block":21,"minecraft:potion":2,"minecraft:wolf_spawn_egg":9,"minecraft:oak_sapling":29,"minecraft:smooth_stone_slab":5,"minecraft:wither_rose":37,"minecraft:gray_wool":6,"minecraft:bone_meal":128,"minecraft:splash_potion":55,"minecraft:cobweb":3}},"DataVersion":2586}