{"stats":{"minecraft:picked_up":{"minecraft:birch_log":5,"minecraft:stone":21,"minecraft:conduit":1,"minecraft:lapis_block":9,"minecraft:glass_bottle":214,"minecraft:birch_sapling":8},"minecraft:dropped":{"minecraft:crimson_stem":128,"minecraft:warped_stem":192,"minecraft:anvil":64,"minecraft:stone":85,"minecraft:dark_oak_log":64,"minecraft:birch_planks":192,"minecraft:warped_nylium":64,"minecraft:nether_gold_ore":128,"minecraft:glass_bottle":413,"minecraft:yellow_wool":64,"minecraft:jungle_log":128,"minecraft:dark_oak_sapling":64,"minecraft:brown_wool":128,"minecraft:birch_sapling":76,"minecraft:blue_wool":64,"minecraft:stripped_oak_log":64,"minecraft:sand":64,"minecraft:damaged_anvil":128,"minecraft:podzol":64,"minecraft:magma_block":64,"minecraft:birch_log":69,"minecraft:elytra":1,"minecraft:polished_granite":64,"minecraft:lapis_block":73,"minecraft:green_wool":64,"minecraft:firework_rocket":64},"minecraft:custom":{"minecraft:time_since_rest":135548,"minecraft:sprint_one_cm":171396,"minecraft:damage_taken":235,"minecraft:walk_one_cm":110006,"minecraft:drop":345,"minecraft:damage_dealt":36,"minecraft:swim_one_cm":8055,"minecraft:fly_one_cm":911834,"minecraft:play_one_minute":135548,"minecraft:crouch_one_cm":6939,"minecraft:sneak_time":4244,"minecraft:walk_under_water_one_cm":24551,"minecraft:aviate_one_cm":582310,"minecraft:jump":405,"minecraft:time_since_death":135548,"minecraft:leave_game":11,"minecraft:walk_on_water_one_cm":14826,"minecraft:climb_one_cm":648,"minecraft:fall_one_cm":5439},"minecraft:used":{"minecraft:oak_log":3,"minecraft:water_bucket":3,"minecraft:black_wool":104,"minecraft:firework_rocket":8,"minecraft:villager_spawn_egg":3,"minecraft:dead_fire_coral":83,"minecraft:flint_and_steel":23,"minecraft:grass_block":48,"minecraft:brown_wool":26,"minecraft:pufferfish_spawn_egg":2,"minecraft:birch_wood":15,"minecraft:oak_sign":1,"minecraft:lime_concrete_powder":4,"minecraft:tropical_fish_spawn_egg":5,"minecraft:bedrock":1,"minecraft:dead_horn_coral":44,"minecraft:dirt":1,"minecraft:magma_block":21,"minecraft:potion":2,"minecraft:dead_tube_coral":4,"minecraft:smooth_stone_slab":2,"minecraft:wither_rose":37,"minecraft:lingering_potion":150,"minecraft:gray_wool":4,"minecraft:splash_potion":55,"minecraft:milk_bucket":1,"minecraft:cobweb":3}},"DataVersion":2586}